Team name,Head coach,Manager,URL,Logo link
Converge FiberXers,Mr. Franco Atienza,"Mr. Jacob Lao, Ms. CK Kanapi-Daniolco",https://www.pba.ph/teams/converge-fiberxers,https://dashboard.pba.ph/assets/logo/converge-logo2.png
Barangay Ginebra San Miguel,Mr. Earl Timothy Cone,"Mr. Alfrancis Chua, Mr. Raymond Rodriguez",https://www.pba.ph/teams/barangay-ginebra-san-miguel,https://dashboard.pba.ph/assets/logo/Ginebra150.png
Blackwater Bossing,Mr. Jeffrey Cariaso,"Mr. Johnson Martinez, Ms. Rhona Tibor",https://www.pba.ph/teams/blackwater-elite,https://dashboard.pba.ph/assets/logo/Blackwater_new_logo_2021.png
North Port Batang Pier,Mr. Bonnie Tan,"Mr. Pido Jarencio, Mr. Waiyip Chong",https://www.pba.ph/teams/globalport-batang-pier,https://dashboard.pba.ph/assets/logo/GLO_web.png
Terrafirma Dyip,Mr. Raymund Tiongco,Mr. Ronald Tubid,https://www.pba.ph/teams/terrafirma-dyip,https://dashboard.pba.ph/assets/logo/terrafirma.png
Meralco Bolts,Mr. Luigi Trillo,Mr. Paolo Trillo,https://www.pba.ph/teams/meralco-bolts,https://dashboard.pba.ph/assets/logo/web_mer.png
NLEX Road Warriors,Joseph Uichico,"Mr. Virgil Villavicencio, Mr. Borgie Hermida",https://www.pba.ph/teams/nlex-road-warriors,https://dashboard.pba.ph/assets/logo/web_nlx.png
Rain or Shine Elastopainters,Mr. Yeng Guiao,"Atty. Mamerto Mondragon, Mr. Jireh Ibanes",https://www.pba.ph/teams/rain-or-shine-elastopainters,https://dashboard.pba.ph/assets/logo/web_ros.png
San Miguel Beermen,Mr. Leo Austria,"Mr. Gelacio Abanilla, Mr. Daniel Henares",https://www.pba.ph/teams/san-miguel-beermen,https://dashboard.pba.ph/assets/logo/SMB2020_web.png
TNT Tropang Giga,Mr. Chot Reyes,"Mr. Jojo Lastimosa, Ms. Yvette Ruiz",https://www.pba.ph/teams/tnt-tropang-giga,https://dashboard.pba.ph/assets/logo/tropang_giga_pba.png
Magnolia Chicken Timplados Hotshots,Mr. Chito Victolero,Mr. Alvin Patrimonio,https://www.pba.ph/teams/magnolia-hotshots,https://dashboard.pba.ph/assets/logo/magnolia-2022-logo.png
Phoenix Fuel Masters,Mr. Michael Jarin,Mr. Paolo Bugia,https://www.pba.ph/teams/phoenix-fuelmasters,https://dashboard.pba.ph/assets/logo/viber_image_2024-03-05_17-18-02-823.png
Eastern,,,https://www.pba.ph/teams/eastern,https://dashboard.pba.ph/assets/logo/EASTERN_LOGO150.png
